Timestamp,Rank,Player name,Guess rate,Usefulness,erigs,0/8s,7/8s,avg/8,# 3/8s or below,OP guess rate,ED guess rate,IN guess rate,Lives taken,Lives saved,Total hit,Total songs,WIN,LOSE,TIE
2026-02-05 22:26:52,16,Thaleko,58.282,13.668,3,19,0,4.558,30,65.079,54,0,9,22,95,163,4,2,0
2026-02-05 22:26:52,16,kar72,55.782,15.955,8,25,1,4.171,33,60.87,53.465,0,16,17,82,147,4,2,0
2026-02-05 22:26:52,14,Baikinman,51.471,13.837,5,17,2,4.257,30,83.051,27.273,0,9,15,70,136,1,5,0
2026-02-05 22:26:52,15,Alkios,49.342,12.69,4,17,0,4.467,27,67.241,38.298,0,9,13,75,152,3,3,0
2026-02-05 22:26:52,13,Nicole,44.853,12.975,7,17,1,4.279,26,55.932,36.364,0,11,6,61,136,1,5,0
2026-02-05 22:26:52,13,Mami,44.218,10.301,4,25,0,4.615,20,45.652,43.564,0,12,4,65,147,4,2,0
2026-02-05 22:26:52,11,Flato,38.158,8.357,4,17,1,4.845,16,56.897,26.596,0,6,6,58,152,3,3,0
2026-02-05 22:26:52,9.5,fiftypercentweeb,34.969,6.261,0,19,1,5.07,14,41.27,31,0,1,5,57,163,4,2,0
2026-02-05 22:26:52,10,cafezinho,34.559,6.993,4,17,0,4.979,12,42.373,28.571,0,4,3,47,136,1,5,0
2026-02-05 22:26:52,9,Provenance,33.742,7.36,6,19,2,5.055,12,44.444,27,0,8,3,55,163,4,2,0
2026-02-05 22:26:52,11,Dry,33.553,8.058,4,17,2,4.745,16,41.379,28.723,0,8,7,51,152,3,3,0
2026-02-05 22:26:52,9.5,Saiki,31.288,7.071,5,19,1,5.02,13,31.746,31,0,8,4,51,163,4,2,0
2026-02-05 22:26:52,6.5,Heleos,30.263,4.169,0,17,1,5.478,5,43.103,22.34,0,1,4,46,152,3,3,0
2026-02-05 22:26:52,7,mahzrunner,26.531,4.513,3,25,0,5.359,7,32.609,23.762,0,5,0,39,147,4,2,0
2026-02-05 22:26:52,6.5,kabao,25.17,4.525,2,25,1,5.297,8,36.957,19.802,0,6,1,37,147,4,2,0
2026-02-05 22:26:52,6,FoopyPoopy,8.824,1.348,1,17,6,5.917,3,11.864,6.494,0,2,0,12,136,1,5,0
,,,,,,,,,,,,,,,,,,,
2026-02-25 22:28:29,150,Miki_Hoshii,66.456,187.338,8,12,1,4.2,38,81.633,59.633,0,16,17,105,158,1,4,1
2026-02-25 22:28:29,140,koroshiya,64.671,201.343,11,12,0,4.009,45,50.82,72.642,0,14,26,108,167,2,2,2
2026-02-25 22:28:29,125,Milar,52.695,121.113,2,12,0,4.545,30,77.049,38.679,0,7,9,88,167,2,2,2
2026-02-25 22:28:29,125,Hejsan,52.258,109.198,3,10,0,4.877,21,70.37,42.574,0,9,10,81,155,3,2,1
2026-02-25 22:28:29,130,Diukes,49.032,115.435,5,10,4,4.711,20,46.296,50.495,0,9,10,76,155,3,2,1
2026-02-25 22:28:29,90,Neumann,44.444,74.728,0,5,3,5.227,9,43.243,45.161,0,1,4,44,99,2,1,1
2026-02-25 22:28:29,115.98,Alkios,43.452,106.98,5,14,0,4.452,24,60.714,34.821,0,6,10,73,168,4,2,0
2026-02-25 22:28:29,115.5,Nicole,43.452,98.591,3,14,0,4.589,19,46.429,41.964,0,9,4,73,168,4,2,0
2026-02-25 22:28:29,115,Chata,38.69,81.771,1,14,1,4.677,16,42.857,36.607,0,3,10,65,168,4,2,0
2026-02-25 22:28:29,100,yasashiikumo,38.608,66.798,2,12,1,5.066,9,34.694,40.367,0,4,3,61,158,1,4,1
2026-02-25 22:28:29,93.3,cafezinho,37.725,60.303,0,12,1,5.175,10,50.82,30.189,0,1,2,63,167,2,2,2
2026-02-25 22:28:29,99.11,Flato,37.342,67.992,1,12,0,5.085,12,65.306,24.771,0,7,3,59,158,1,4,1
2026-02-25 22:28:29,98.93,Dry,36.905,114.616,7,14,0,4.113,24,37.5,36.607,0,15,6,62,168,4,2,0
2026-02-25 22:28:29,90,Lakumix,32.143,58.296,0,5,0,5.056,4,41.176,28.205,0,3,2,18,56,1,1,0
2026-02-25 22:28:29,100,Poppysr,29.032,45.553,1,10,4,5.422,11,55.556,14.851,0,3,4,45,155,3,2,1
2026-02-25 22:28:29,97.7,Saiki,22.785,43.668,1,12,4,5.139,8,34.694,17.431,0,4,3,36,158,1,4,1
2026-02-25 22:28:29,85,OkitaNobu,19.76,27.326,1,12,5,5.667,4,32.787,12.264,0,3,0,33,167,2,2,2
,,,,,,,,,,,,,,,,,,,
2026-03-05 22:25:43,130,Sniparook,57.857,182.215,9,16,0,3.728,40,62.791,55.67,0,15,21,81,140,3,3,0
2026-03-05 22:25:43,135.99,koroshiya,49.425,163.432,10,22,0,3.558,45,30.189,57.851,0,17,22,86,174,3,3,0
2026-03-05 22:25:43,107.02,Alkios,49.286,127.239,4,16,0,4.145,28,65.116,42.268,0,8,13,69,140,3,3,0
2026-03-05 22:25:43,110,mrwolf2,43.038,113.603,4,28,0,4.191,28,53.061,38.532,0,15,11,68,158,4,1,1
2026-03-05 22:25:43,111.85,Hejsan,42.405,101.881,4,28,0,4.373,23,71.429,29.358,0,12,6,67,158,4,1,1
2026-03-05 22:25:43,115,Orfey,36.31,88.861,4,26,0,4.41,19,39.623,34.783,0,5,12,61,168,1,4,1
2026-03-05 22:25:43,109.83,Dry,35.119,108.803,8,26,3,3.949,28,28.302,38.261,0,9,14,59,168,1,4,1
2026-03-05 22:25:43,86.32,Neumann,33.908,75.709,1,22,1,4.271,18,37.736,32.231,0,4,15,59,174,3,3,0
2026-03-05 22:25:43,96.65,Flato,33.544,58.849,1,28,0,4.868,12,53.061,24.771,0,5,5,53,158,4,1,1
2026-03-05 22:25:43,97.33,Provenance,33.333,54.552,1,26,0,5.036,9,47.17,26.957,0,1,4,56,168,1,4,1
2026-03-05 22:25:43,100,HaruUrara,29.885,71.579,1,22,1,4.115,18,32.075,28.926,0,7,5,52,174,3,3,0
2026-03-05 22:25:43,88.36,Saiki,29.114,75.32,5,28,2,4.37,16,42.857,22.936,0,9,5,46,158,4,1,1
2026-03-05 22:25:43,85,xeyz,26.786,43.827,1,26,5,4.956,8,43.396,19.13,0,1,4,45,168,1,4,1
2026-03-05 22:25:43,84.19,mahzrunner,22.989,47.592,1,22,0,4.475,12,39.623,15.702,0,4,5,40,174,3,3,0
2026-03-05 22:25:43,90,Janoxx,22.143,32.231,0,16,0,5.226,5,30.233,18.557,0,2,1,31,140,3,3,0
2026-03-05 22:25:43,80,Unborned,17.143,25.064,0,16,0,5.333,6,32.558,10.309,0,2,3,24,140,3,3,0
,,,,,,,,,,,,,,,,,,,
2026-03-26 21:55:44,105,comfv,51.2,160.35,4,8,0,3.516,35,86.111,37.079,0,14,16,64,125,3,3,0
2026-03-26 21:55:44,109.81,Milar,49.242,139.741,7,19,0,3.877,31,64.103,43.011,0,14,8,65,132,2,4,0
2026-03-26 21:55:44,111.18,Diukes,48.077,189.723,12,12,0,3.18,29,31.25,55.556,0,22,9,50,104,6,0,0
2026-03-26 21:55:44,109.13,Alkios,47.727,132.56,5,19,0,3.905,29,69.231,38.71,0,12,11,63,132,2,4,0
2026-03-26 21:55:44,115.08,Baikinman,40.594,111.145,5,11,0,3.976,18,74.194,25.714,0,6,7,41,101,1,5,0
2026-03-26 21:55:44,108.87,Dry,35.2,122.863,8,8,1,3.364,24,33.333,35.955,0,13,6,44,125,3,3,0
2026-03-26 21:55:44,100,kaededayo,35.2,94.44,3,8,0,3.932,17,47.222,30.337,0,9,9,44,125,3,3,0
2026-03-26 21:55:44,105,Pile,29.808,74.95,2,12,1,4,13,56.25,18.056,0,5,5,31,104,6,0,0
2026-03-26 21:55:44,76.75,Janoxx,26.923,74.217,0,12,1,3.893,15,37.5,22.222,0,8,4,28,104,6,0,0
2026-03-26 21:55:44,93.21,Saiki,26.733,70.994,3,11,0,4.222,12,32.258,24.286,0,5,3,27,101,1,5,0
2026-03-26 21:55:44,95.7,Flato,25.962,66.157,2,12,1,4.037,11,56.25,12.5,0,6,2,27,104,6,0,0
2026-03-26 21:55:44,95,AnnaYanami,24.752,60.161,3,11,0,4.44,9,35.484,20,0,4,3,25,101,1,5,0
2026-03-26 21:55:44,95,Tvaz,23.485,34.38,0,19,0,5.129,5,48.718,12.903,0,3,2,31,132,2,4,0
2026-03-26 21:55:44,85.5,mahzrunner,21.782,49.713,2,11,1,4.455,8,32.258,17.143,0,2,2,22,101,1,5,0
2026-03-26 21:55:44,75,Shiku,14.394,21.856,0,19,2,5.158,6,30.769,7.527,0,1,1,19,132,2,4,0
2026-03-26 21:55:44,75,MapleSyyrup,7.2,10.856,0,8,1,5.111,1,13.889,4.494,0,1,0,9,125,3,3,0
,,,,,,,,,,,,,,,,,,,
2026-04-26 21:10:47,134.41,koroshiya,59.2,188.945,9,13,0,3.878,38,56.522,60.759,0,11,26,74,125,1,5,0
2026-04-26 21:10:47,127.94,Diukes,53.435,162.279,7,17,0,3.943,36,44.737,56.989,0,18,9,70,131,5,1,0
2026-04-26 21:10:47,118.66,Thaleko,52.672,135.096,5,17,0,4.275,31,57.895,50.538,0,14,7,69,131,5,1,0
2026-04-26 21:10:47,118.69,Milar,47.26,90.933,0,23,0,4.725,20,68.182,38.235,0,5,8,69,146,3,2,1
2026-04-26 21:10:47,113,Alkios,46.875,122.102,4,29,0,4.253,32,75,33.333,0,9,20,75,160,2,3,1
2026-04-26 21:10:47,113.9,Hejsan,41.985,89.463,2,17,1,4.618,20,60.526,34.409,0,10,4,55,131,5,1,0
2026-04-26 21:10:47,97.85,Orfey,39.726,100.483,3,23,1,4.362,25,54.545,33.333,0,9,9,58,146,3,2,1
2026-04-26 21:10:47,105,md22,33.6,56.786,0,13,0,5.095,10,41.304,29.114,0,4,2,42,125,1,5,0
2026-04-26 21:10:47,93.1,Neumann,33.333,42.373,0,14,0,5.571,4,44.444,28.889,0,0,4,21,63,0,1,1
2026-04-26 21:10:47,93.69,yasashiikumo,32.192,63.729,4,23,1,4.957,10,31.818,32.353,0,6,4,47,146,3,2,1
2026-04-26 21:10:47,110.78,Dry,31.875,80.952,4,29,1,4.471,22,38.462,28.704,0,9,6,51,160,2,3,1
2026-04-26 21:10:47,100,chaabdu92,29.452,60.398,1,23,1,4.86,15,45.455,22.549,0,6,5,43,146,3,2,1
2026-04-26 21:10:47,90,Kirox,27.2,35.239,0,13,0,5.559,5,32.609,24.051,0,2,1,34,125,1,5,0
2026-04-26 21:10:47,80,Spartric,26.4,56.438,2,13,1,5,11,41.304,17.722,0,5,4,33,125,1,5,0
2026-04-26 21:10:47,93.24,Saiki,24.375,58.86,3,29,3,4.59,16,34.615,19.444,0,6,5,39,160,2,3,1
2026-04-26 21:10:47,85.14,mahzrunner,19.588,46.257,2,15,1,4.737,7,29.412,14.286,0,2,4,19,97,2,2,0
2026-04-26 21:10:47,50,lotte_616,6.107,7.381,0,17,8,5.875,2,7.895,5.376,0,0,1,8,131,5,1,0
,,,,,,,,,,,,,,,,,,,
2026-05-05 10:25:56,115.49,Milar,56.522,207.856,7,16,0,3.103,27,86.957,41.304,0,13,12,39,69,3,0,0
2026-05-05 10:25:56,138,Deafness,53.846,201.919,19,43,0,3,56,62.222,50.45,0,29,30,84,156,2,4,0
2026-05-05 10:25:56,132.51,Diukes,47.619,185.819,11,23,0,2.975,26,42.424,50.98,0,12,10,40,84,3,0,0
2026-05-05 10:25:56,110,Comete,37.41,102.898,7,36,1,3.962,27,77.5,21.212,0,9,7,52,139,1,5,0
2026-05-05 10:25:56,110,beautiful,35.156,107.825,7,38,0,3.644,22,44.186,30.588,0,7,12,45,128,3,3,0
2026-05-05 10:25:56,87,Yolowolf75,26.619,49.332,2,36,1,4.73,13,72.5,8.081,0,3,3,37,139,1,5,0
2026-05-05 10:25:56,95.79,yasashiikumo,26.619,67.625,5,36,1,4.324,17,35,23.232,0,6,6,37,139,1,5,0
2026-05-05 10:25:56,81.72,Kirox,24.837,59.714,3,39,0,4.184,16,32.143,20.619,0,8,3,38,153,6,0,0
2026-05-05 10:25:56,92,MoltenAshes,22.656,42.514,1,38,0,4.552,8,39.535,14.118,0,1,6,29,128,3,3,0
2026-05-05 10:25:56,85.77,mahzrunner,18.59,42.966,1,43,1,4.138,11,22.222,17.117,0,9,1,29,156,2,4,0
2026-05-05 10:25:56,91,ponbot,17.969,40.864,3,38,0,4.391,6,32.558,10.588,0,4,1,23,128,3,3,0
2026-05-05 10:25:56,80,Tugia,17.949,30.163,0,43,0,4.679,8,24.444,15.315,0,5,1,28,156,2,4,0
2026-05-05 10:25:56,75,Patoche49,16.547,22.208,2,36,2,5.522,3,27.5,12.121,0,2,0,23,139,1,5,0
2026-05-05 10:25:56,70,MaikaSasaki,16.34,37.181,2,39,0,4.48,9,19.643,14.433,0,5,4,25,153,6,0,0
2026-05-05 10:25:56,78,Vr0003,13.725,31.683,2,39,0,4.619,8,19.643,10.309,0,4,3,21,153,6,0,0
2026-05-05 10:25:56,70,inta,10.156,16.867,0,38,0,4.923,3,11.628,9.412,0,1,3,13,128,3,3,0
2026-05-05 10:25:56,60,Bewm,3.846,9.315,1,43,4,4.5,3,0,5.405,0,2,1,6,156,2,4,0
